NIS code;Woonplaats;Mannen;Vrouwen;Totaal
1000;België;5.761.410;5.936.147;11.697.557
2000;Vlaams Gewest;3.352.319;3.422.488;6.774.807
3000;Waals Gewest;1.800.829;1.880.746;3.681.575
4000;Brussels Hoofdstedelijk Gewest;608.262;632.913;1.241.175
10000;Provincie Antwerpen;947.807;963.145;1.910.952
11000;Arrondissement Antwerpen;534.101;543.983;1.078.084
11001;Aartselaar;7.327;7.425;14.752
11002;Antwerpen;269.754;269.156;538.910
11004;Boechout;6.722;7.084;13.806
11005;Boom;9.476;9.586;19.062
11007;Borsbeek;5.493;5.816;11.309
11008;Brasschaat;18.444;20.131;38.575
11009;Brecht;15.134;15.253;30.387
11013;Edegem;11.015;11.746;22.761
11016;Essen;9.808;9.821;19.629
11018;Hemiksem;5.999;6.106;12.105
11021;Hove (Antwerpen);4.049;4.395;8.444
11022;Kalmthout;9.481;9.941;19.422
11023;Kapellen (Antwerpen);13.579;14.164;27.743
11024;Kontich;10.582;11.042;21.624
11025;Lint;4.226;4.322;8.548
11029;Mortsel;12.786;13.605;26.391
11030;Niel;5.363;5.436;10.799
11035;Ranst;9.800;9.809;19.609
11037;Rumst;7.646;7.771;15.417
11038;Schelle;4.198;4.464;8.662
11039;Schilde;9.858;10.435;20.293
11040;Schoten;16.571;17.789;34.360
11044;Stabroek;9.369;9.468;18.837
11050;Wijnegem;5.023;5.409;10.432
11052;Wommelgem;6.497;6.733;13.230
11053;Wuustwezel;10.816;10.828;21.644
11054;Zandhoven;6.627;6.725;13.352
11055;Zoersel;10.955;11.472;22.427
11056;Zwijndrecht;9.590;9.957;19.547
11057;Malle;7.913;8.094;16.007
12000;Arrondissement Mechelen;175.156;181.144;356.300
12002;Berlaar;5.916;6.033;11.949
12005;Bonheiden;7.554;7.904;15.458
12007;Bornem;10.838;11.144;21.982
12009;Duffel;8.857;9.125;17.982
12014;Heist-op-den-Berg;21.821;22.405;44.226
12021;Lier;18.433;19.476;37.909
12025;Mechelen;43.430;45.184;88.614
12026;Nijlen;11.539;11.870;23.409
12029;Putte;9.203;9.428;18.631
12035;Sint-Katelijne-Waver;10.621;10.974;21.595
12040;Willebroek;13.710;14.063;27.773
12041;Puurs-Sint-Amands;13.234;13.538;26.772
13000;Arrondissement Turnhout;238.550;238.018;476.568
13001;Arendonk;6.692;6.652;13.344
13002;Baarle-Hertog;1.522;1.490;3.012
13003;Balen;11.657;11.651;23.308
13004;Beerse;9.140;9.276;18.416
13006;Dessel;4.896;4.909;9.805
13008;Geel;21.015;20.813;41.828
13010;Grobbendonk;5.744;5.775;11.519
13011;Herentals;14.129;14.446;28.575
13012;Herenthout;4.660;4.757;9.417
13013;Herselt;7.436;7.369;14.805
13014;Hoogstraten;11.290;10.955;22.245
13016;Hulshout;5.304;5.260;10.564
13017;Kasterlee;9.755;9.723;19.478
13019;Lille;8.501;8.370;16.871
13021;Meerhout;5.235;5.113;10.348
13023;Merksplas;4.432;4.367;8.799
13025;Mol;18.997;19.162;38.159
13029;Olen;6.394;6.295;12.689
13031;Oud-Turnhout;7.300;7.434;14.734
13035;Ravels;7.724;7.614;15.338
13036;Retie;5.958;5.883;11.841
13037;Rijkevorsel;6.317;6.214;12.531
13040;Turnhout;23.418;23.505;46.923
13044;Vorselaar;4.023;4.021;8.044
13046;Vosselaar;5.880;5.922;11.802
13049;Westerlo;12.779;12.687;25.466
13053;Laakdal;8.352;8.355;16.707
20001;Provincie Vlaams-Brabant;582.527;604.956;1.187.483
20002;Provincie Waals-Brabant;200.139;212.795;412.934
21000;Arrondissement Brussel-Hoofdstad;608.262;632.913;1.241.175
21001;Anderlecht;62.331;62.734;125.065
21002;Oudergem;16.866;18.480;35.346
21003;Sint-Agatha-Berchem;12.272;13.124;25.396
21004;Brussel;99.180;95.111;194.291
21005;Etterbeek;23.749;25.809;49.558
21006;Evere;21.336;22.919;44.255
21007;Vorst (Brussel-Hoofdstad);28.003;29.721;57.724
21008;Ganshoren;12.304;13.244;25.548
21009;Elsene;42.910;45.611;88.521
21010;Jette;25.929;27.775;53.704
21011;Koekelberg;11.259;11.304;22.563
21012;Sint-Jans-Molenbeek;48.960;49.310;98.270
21013;Sint-Gillis;24.757;24.566;49.323
21014;Sint-Joost-ten-Node;14.116;12.952;27.068
21015;Schaarbeek;64.897;65.878;130.775
21016;Ukkel;39.984;46.117;86.101
21017;Watermaal-Bosvoorde;11.659;13.733;25.392
21018;Sint-Lambrechts-Woluwe;27.855;31.923;59.778
21019;Sint-Pieters-Woluwe;19.895;22.602;42.497
23000;Arrondissement Halle-Vilvoorde;324.345;339.856;664.201
23002;Asse;17.256;17.935;35.191
23003;Beersel;13.008;13.466;26.474
23009;Bever;1.116;1.149;2.265
23016;Dilbeek;21.587;23.063;44.650
23023;Galmaarden;4.420;4.492;8.912
23024;Gooik;4.663;4.765;9.428
23025;Grimbergen;19.091;20.277;39.368
23027;Halle (Halle-Vilvoorde);20.508;21.539;42.047
23032;Herne;3.347;3.416;6.763
23033;Hoeilaart;5.628;5.909;11.537
23038;Kampenhout;6.103;6.342;12.445
23039;Kapelle-op-den-Bos;4.702;4.957;9.659
23044;Liedekerke;6.781;7.096;13.877
23045;Londerzeel;9.509;9.779;19.288
23047;Machelen (Halle-Vilvoorde);8.060;8.426;16.486
23050;Meise;9.848;10.391;20.239
23052;Merchtem;8.686;9.054;17.740
23060;Opwijk;7.342;7.548;14.890
23062;Overijse;12.713;13.265;25.978
23064;Pepingen;2.287;2.280;4.567
23077;Sint-Pieters-Leeuw;17.640;18.412;36.052
23081;Steenokkerzeel;6.194;6.420;12.614
23086;Ternat;8.110;8.378;16.488
23088;Vilvoorde;22.914;24.079;46.993
23094;Zaventem;17.796;18.612;36.408
23096;Zemst;11.415;11.942;23.357
23097;Roosdaal;5.849;6.017;11.866
23098;Drogenbos;2.780;3.071;5.851
23099;Kraainem;6.833;7.218;14.051
23100;Linkebeek;2.195;2.445;4.640
23101;Sint-Genesius-Rode;9.056;9.683;18.739
23102;Wemmel;8.629;9.114;17.743
23103;Wezembeek-Oppem;7.002;7.606;14.608
23104;Lennik;4.598;4.833;9.431
23105;Affligem;6.679;6.877;13.556
24000;Arrondissement Leuven;258.182;265.100;523.282
24001;Aarschot;15.121;15.733;30.854
24007;Begijnendijk;5.135;5.352;10.487
24008;Bekkevoort;3.347;3.325;6.672
24009;Bertem;5.049;5.227;10.276
24011;Bierbeek;5.254;5.215;10.469
24014;Boortmeerbeek;6.582;6.681;13.263
24016;Boutersem;4.190;4.337;8.527
24020;Diest;12.130;12.547;24.677
24028;Geetbets;3.128;3.135;6.263
24033;Haacht;7.524;7.901;15.425
24038;Herent;11.114;11.609;22.723
24041;Hoegaarden;3.411;3.386;6.797
24043;Holsbeek;5.060;5.098;10.158
24045;Huldenberg;4.963;5.117;10.080
24048;Keerbergen;6.451;6.745;13.196
24054;Kortenaken;3.959;4.011;7.970
24055;Kortenberg;10.322;10.598;20.920
24059;Landen;7.946;8.338;16.284
24062;Leuven;51.364;51.645;103.009
24066;Lubbeek;7.390;7.521;14.911
24086;Oud-Heverlee;5.718;5.827;11.545
24094;Rotselaar;8.658;8.841;17.499
24104;Tervuren;11.196;11.905;23.101
24107;Tienen;17.575;18.707;36.282
24109;Tremelo;7.627;7.711;15.338
24130;Zoutleeuw;4.274;4.394;8.668
24133;Linter;3.608;3.709;7.317
24134;Scherpenheuvel-Zichem;11.717;11.988;23.705
24135;Tielt-Winge;5.704;5.736;11.440
24137;Glabbeek;2.665;2.761;5.426
25000;Arrondissement Nijvel;200.139;212.795;412.934
25005;Bevekom;3.566;3.666;7.232
25014;Eigenbrakel;19.468;21.001;40.469
25015;Kasteelbrakel;5.208;5.463;10.671
25018;Chaumont-Gistoux;5.768;6.045;11.813
25023;Court-Saint-Etienne;5.244;5.506;10.750
25031;Genepiën;7.853;8.062;15.915
25037;Graven;6.842;7.225;14.067
25043;Incourt;2.778;2.836;5.614
25044;Itter;3.426;3.613;7.039
25048;Geldenaken;7.203;7.586;14.789
25050;Terhulpen;3.641;3.923;7.564
25068;Mont-Saint-Guibert;4.108;4.253;8.361
25072;Nijvel;13.809;15.209;29.018
25084;Perwijs (Nijvel);4.669;4.970;9.639
25091;Rixensart;11.021;12.094;23.115
25105;Tubeke;13.648;14.409;28.057
25107;Villers-la-Ville;5.477;5.641;11.118
25110;Waterloo;14.426;16.051;30.477
25112;Waver;17.081;18.363;35.444
25117;Chastre;3.789;3.953;7.742
25118;Hélécine;1.878;1.911;3.789
25119;Lasne;6.998;7.315;14.313
25120;Orp-Jauche;4.471;4.626;9.097
25121;Ottignies-Louvain-la-Neuve;15.241;16.285;31.526
25122;Ramillies;3.300;3.367;6.667
25123;Rebecq;5.481;5.600;11.081
25124;Walhain;3.745;3.822;7.567
30000;Provincie West-Vlaanderen;604.831;615.195;1.220.026
31000;Arrondissement Brugge;140.574;145.063;285.637
31003;Beernem;8.206;7.925;16.131
31004;Blankenberge;10.098;10.413;20.511
31005;Brugge;58.311;61.230;119.541
31006;Damme;5.507;5.639;11.146
31012;Jabbeke;7.230;7.309;14.539
31022;Oostkamp;12.041;12.159;24.200
31033;Torhout;10.375;10.407;20.782
31040;Zedelgem;11.678;11.713;23.391
31042;Zuienkerke;1.389;1.362;2.751
31043;Knokke-Heist;15.739;16.906;32.645
32000;Arrondissement Diksmuide;26.292;26.194;52.486
32003;Diksmuide;8.573;8.601;17.174
32006;Houthulst;5.203;5.129;10.332
32010;Koekelare;4.436;4.434;8.870
32011;Kortemark;6.439;6.434;12.873
32030;Lo-Reninge;1.641;1.596;3.237
33000;Arrondissement Ieper;53.911;53.929;107.840
33011;Ieper;17.471;17.916;35.387
33016;Mesen;549;525;1.074
33021;Poperinge;9.918;10.029;19.947
33029;Wervik;9.583;9.607;19.190
33037;Zonnebeke;6.386;6.272;12.658
33039;Heuvelland;4.098;3.860;7.958
33040;Langemark-Poelkapelle;4.055;3.960;8.015
33041;Vleteren;1.851;1.760;3.611
34000;Arrondissement Kortrijk;148.303;151.432;299.735
34002;Anzegem;7.635;7.587;15.222
34003;Avelgem;5.081;5.238;10.319
34009;Deerlijk;6.195;6.366;12.561
34013;Harelbeke;14.738;14.836;29.574
34022;Kortrijk;38.939;40.005;78.944
34023;Kuurne;6.905;7.128;14.033
34025;Lendelede;2.895;2.968;5.863
34027;Menen;17.054;17.268;34.322
34040;Waregem;19.420;20.068;39.488
34041;Wevelgem;15.743;16.052;31.795
34042;Zwevegem;12.712;12.846;25.558
34043;Spiere-Helkijn;986;1.070;2.056
35000;Arrondissement Oostende;78.725;80.599;159.324
35002;Bredene;8.942;9.139;18.081
35005;Gistel;6.068;6.197;12.265
35006;Ichtegem;7.233;7.122;14.355
35011;Middelkerke;9.817;9.938;19.755
35013;Oostende;35.466;36.709;72.175
35014;Oudenburg;4.974;4.937;9.911
35029;De Haan;6.225;6.557;12.782
36000;Arrondissement Roeselare;78.870;79.233;158.103
36006;Hooglede;5.149;4.993;10.142
36007;Ingelmunster;5.672;5.782;11.454
36008;Izegem;14.273;14.740;29.013
36010;Ledegem;4.862;4.908;9.770
36011;Lichtervelde;4.619;4.547;9.166
36012;Moorslede;5.708;5.743;11.451
36015;Roeselare;32.662;32.806;65.468
36019;Staden;5.925;5.714;11.639
37000;Arrondissement Tielt;47.774;47.408;95.182
37002;Dentergem;4.331;4.301;8.632
37007;Meulebeke;5.581;5.519;11.100
37010;Oostrozebeke;4.010;4.011;8.021
37011;Pittem;3.443;3.391;6.834
37012;Ruiselede;2.750;2.754;5.504
37015;Tielt (Tielt);10.373;10.328;20.701
37017;Wielsbeke;5.046;4.967;10.013
37018;Wingene;7.582;7.457;15.039
37020;Ardooie;4.658;4.680;9.338
38000;Arrondissement Veurne;30.382;31.337;61.719
38002;Alveringem;2.609;2.445;5.054
38008;De Panne;5.456;5.633;11.089
38014;Koksijde;10.600;11.064;21.664
38016;Nieuwpoort;5.645;5.848;11.493
38025;Veurne;6.072;6.347;12.419
40000;Provincie Oost-Vlaanderen;771.832;789.484;1.561.316
41000;Arrondissement Aalst;148.509;153.683;302.192
41002;Aalst (Aalst);44.140;45.928;90.068
41011;Denderleeuw;10.265;10.708;20.973
41018;Geraardsbergen;17.127;17.597;34.724
41024;Haaltert;9.545;9.736;19.281
41027;Herzele;9.228;9.487;18.715
41034;Lede;9.462;9.698;19.160
41048;Ninove;19.707;20.386;40.093
41063;Sint-Lievens-Houtem;5.307;5.351;10.658
41081;Zottegem;13.467;14.210;27.677
41082;Erpe-Mere;10.261;10.582;20.843
42000;Arrondissement Dendermonde;101.637;104.692;206.329
42003;Berlare;7.597;7.849;15.446
42004;Buggenhout;7.350;7.537;14.887
42006;Dendermonde;22.930;23.986;46.916
42008;Hamme (Dendermonde);12.473;12.895;25.368
42010;Laarne;6.190;6.338;12.528
42011;Lebbeke;9.831;10.094;19.925
42023;Waasmunster;5.592;5.585;11.177
42025;Wetteren;13.103;13.645;26.748
42026;Wichelen;5.938;6.022;11.960
42028;Zele;10.633;10.741;21.374
43000;Arrondissement Eeklo;44.261;44.301;88.562
43002;Assenede;7.230;7.406;14.636
43005;Eeklo;10.982;11.158;22.140
43007;Kaprijke;3.299;3.288;6.587
43010;Maldegem;12.302;12.313;24.615
43014;Sint-Laureins;3.584;3.457;7.041
43018;Zelzate;6.864;6.679;13.543
44000;Arrondissement Gent;284.992;289.844;574.836
44012;De Pinte;5.417;5.699;11.116
44013;Destelbergen;9.351;9.746;19.097
44019;Evergem;17.978;18.579;36.557
44020;Gavere;6.543;6.674;13.217
44021;Gent;133.750;134.372;268.122
44034;Lochristi;11.424;11.649;23.073
44040;Melle;5.796;6.164;11.960
44043;Merelbeke;12.402;12.798;25.200
44045;Moerbeke (Gent);3.306;3.418;6.724
44048;Nazareth;6.004;6.210;12.214
44052;Oosterzele;7.035;6.989;14.024
44064;Sint-Martens-Latem;3.987;4.270;8.257
44073;Wachtebeke;3.888;3.949;7.837
44081;Zulte;8.060;7.940;16.000
44083;Deinze;22.096;22.834;44.930
44084;Aalter;14.764;14.765;29.529
44085;Lievegem;13.191;13.788;26.979
45000;Arrondissement Oudenaarde;63.006;64.437;127.443
45035;Oudenaarde;16.082;16.400;32.482
45041;Ronse;13.310;13.765;27.075
45059;Brakel;7.413;7.594;15.007
45060;Kluisbergen;3.408;3.466;6.874
45061;Wortegem-Petegem;3.277;3.275;6.552
45062;Horebeke;969;1.067;2.036
45063;Lierde;3.403;3.402;6.805
45064;Maarkedal;3.088;3.252;6.340
45065;Zwalm;4.121;4.199;8.320
45068;Kruisem;7.935;8.017;15.952
46000;Arrondissement Sint-Niklaas;129.427;132.527;261.954
46003;Beveren (Sint-Niklaas);24.904;25.396;50.300
46013;Kruibeke;8.410;8.646;17.056
46014;Lokeren;21.356;21.708;43.064
46020;Sint-Gillis-Waas;9.879;10.053;19.932
46021;Sint-Niklaas (Sint-Niklaas);39.846;41.292;81.138
46024;Stekene;9.529;9.744;19.273
46025;Temse;15.503;15.688;31.191
50000;Provincie Henegouwen;661.588;695.307;1.356.895
51000;Arrondissement Aat;63.764;66.394;130.158
51004;Aat;14.487;15.459;29.946
51008;Beloeil;7.053;7.236;14.289
51009;Bernissart;5.805;6.127;11.932
51012;Brugelette;1.876;1.947;3.823
51014;Chièvres;3.477;3.568;7.045
51017;Elzele;2.975;2.994;5.969
51019;Vloesberg;1.714;1.708;3.422
51065;Frasnes-lez-Anvaing;5.944;6.156;12.100
51067;Edingen;6.933;7.414;14.347
51068;Opzullik;4.184;4.236;8.420
51069;Lessen;9.316;9.549;18.865
52000;Arrondissement Charleroi;193.861;204.698;398.559
52010;Chapelle-lez-Herlaimont;7.135;7.681;14.816
52011;Charleroi;99.772;104.013;203.785
52012;Châtelet;17.094;18.418;35.512
52015;Courcelles;15.184;16.115;31.299
52018;Farciennes;5.491;5.844;11.335
52021;Fleurus;11.037;11.795;22.832
52022;Fontaine-l’Evêque;8.745;9.296;18.041
52025;Gerpinnes;6.188;6.643;12.831
52048;Montigny-le-Tilleul;4.766;5.350;10.116
52055;Pont-à-Celles;8.543;9.006;17.549
52074;Aiseau-Presles;5.273;5.630;10.903
52075;Les Bons Villers;4.633;4.907;9.540
53000;Arrondissement Bergen;126.409;134.288;260.697
53014;Boussu;9.572;10.524;20.096
53020;Dour;8.037;8.541;16.578
53028;Frameries;10.331;11.461;21.792
53039;Hensies;3.261;3.536;6.797
53044;Jurbeke;5.287;5.579;10.866
53046;Lens;2.271;2.407;4.678
53053;Bergen;47.321;49.144;96.465
53065;Quaregnon;9.120;9.876;18.996
53068;Quiévrain;3.336;3.516;6.852
53070;Saint-Ghislain;11.412;12.253;23.665
53082;Colfontaine;9.965;10.694;20.659
53083;Honnelles;2.540;2.608;5.148
53084;Quévy;3.956;4.149;8.105
55000;Arrondissement Zinnik;52.630;54.988;107.618
55004;’s Gravenbrakel;11.362;11.771;23.133
55035;Le Roeulx;4.332;4.480;8.812
55040;Zinnik;13.929;14.812;28.741
55050;Ecaussinnes;5.641;5.843;11.484
55085;Seneffe;5.581;5.939;11.520
55086;Manage;11.785;12.143;23.928
56000;Arrondissement Thuin;45.568;47.041;92.609
56001;Anderlues;6.188;6.413;12.601
56005;Beaumont;3.585;3.581;7.166
56016;Chimay;4.839;4.877;9.716
56022;Erquelinnes;4.954;5.089;10.043
56029;Froidchapelle;2.044;2.009;4.053
56044;Lobbes;2.889;3.030;5.919
56049;Merbes-le-Château;2.115;2.109;4.224
56051;Momignies;2.633;2.663;5.296
56078;Thuin;7.258;7.664;14.922
56086;Ham-sur-Heure-Nalinnes;6.644;7.167;13.811
56088;Sivry-Rance;2.419;2.439;4.858
57000;Arrondissement Doornik-Moeskroen;110.334;114.707;225.041
57003;Antoing;3.757;3.882;7.639
57018;Celles (Doornik);2.835;2.849;5.684
57027;Estaimpuis;5.244;5.378;10.622
57062;Pecq;2.883;3.018;5.901
57064;Péruwelz;8.458;8.777;17.235
57072;Rumes;2.623;2.675;5.298
57081;Doornik;33.807;34.903;68.710
57093;Brunehaut;4.046;4.106;8.152
57094;Leuze-en-Hainaut;6.829;7.268;14.097
57095;Mont-de-l’Enclus;1.915;1.889;3.804
57096;Moeskroen;28.984;30.579;59.563
57097;Komen-Waasten;8.953;9.383;18.336
58000;Arrondissement La Louvière;69.022;73.191;142.213
58001;La Louvière;39.649;41.733;81.382
58002;Binche;16.081;17.568;33.649
58003;Estinnes;3.953;3.998;7.951
58004;Morlanwelz;9.339;9.892;19.231
60000;Provincie Luik;546.431;569.087;1.115.518
61000;Arrondissement Hoei;56.847;58.855;115.702
61003;Amay;7.089;7.425;14.514
61010;Burdinne;1.654;1.645;3.299
61012;Clavier;2.409;2.437;4.846
61019;Ferrières;2.594;2.522;5.116
61024;Hamoir;1.876;1.930;3.806
61028;Héron;2.760;2.825;5.585
61031;Hoei;10.501;11.179;21.680
61039;Marchin;2.756;2.792;5.548
61041;Modave;2.117;2.102;4.219
61043;Nandrin;2.805;2.991;5.796
61048;Ouffet;1.383;1.445;2.828
61063;Verlaine;2.170;2.142;4.312
61068;Villers-Le-Bouillet;3.311;3.453;6.764
61072;Wanze;6.856;7.223;14.079
61079;Anthisnes;2.086;2.168;4.254
61080;Engis;3.141;3.169;6.310
61081;Tinlot;1.339;1.407;2.746
62000;Arrondissement Luik;305.500;320.569;626.069
62003;Ans;13.751;15.013;28.764
62006;Awans;4.464;4.767;9.231
62009;Aywaille;6.299;6.484;12.783
62011;Bitsingen;4.460;4.592;9.052
62015;Beyne-Heusay;5.775;6.221;11.996
62022;Chaudfontaine;9.848;10.724;20.572
62026;Comblain-au-Pont;2.579;2.755;5.334
62027;Dalhem;3.749;3.917;7.666
62032;Esneux;6.225;6.575;12.800
62038;Fléron;7.689;8.607;16.296
62051;Herstal;19.742;20.924;40.666
62060;Juprelle;4.799;4.941;9.740
62063;Luik;96.874;98.472;195.346
62079;Oupeye;12.420;13.270;25.690
62093;Saint-Nicolas (Luik);11.676;12.676;24.352
62096;Seraing;30.944;33.091;64.035
62099;Soumagne;8.443;8.879;17.322
62100;Sprimont;7.348;7.811;15.159
62108;Wezet;8.761;9.299;18.060
62118;Grâce-Hollogne;11.325;11.725;23.050
62119;Blegny;6.568;6.872;13.440
62120;Flémalle;12.942;13.908;26.850
62121;Neupré;4.868;5.126;9.994
62122;Trooz;3.951;3.920;7.871
63000;Arrondissement Verviers;143.051;146.867;289.918
63001;Amel;2.840;2.759;5.599
63003;Aubel;2.068;2.132;4.200
63004;Baelen;2.271;2.247;4.518
63012;Büllingen;2.839;2.671;5.510
63013;Bütgenbach;2.860;2.863;5.723
63020;Dison;7.527;7.722;15.249
63023;Eupen;9.799;10.283;20.082
63035;Herve;8.799;9.043;17.842
63038;Jalhay;4.344;4.415;8.759
63040;Kelmis;5.533;5.800;11.333
63045;Lierneux;1.844;1.793;3.637
63046;Limburg;2.798;2.850;5.648
63048;Lontzen;3.030;2.978;6.008
63049;Malmedy;6.230;6.664;12.894
63057;Olne;2.032;2.050;4.082
63058;Pepinster;4.567;4.713;9.280
63061;Raeren;5.475;5.644;11.119
63067;Sankt Vith;5.005;5.030;10.035
63072;Spa;4.781;5.109;9.890
63073;Stavelot;3.663;3.584;7.247
63075;Stoumont;1.583;1.607;3.190
63076;Theux;5.875;6.097;11.972
63079;Verviers;26.862;28.294;55.156
63080;Weismes;3.824;3.718;7.542
63084;Welkenraedt;5.156;5.359;10.515
63086;Trois-Ponts;1.261;1.256;2.517
63087;Burg-Reuland;2.025;1.949;3.974
63088;Plombières;5.328;5.417;10.745
63089;Thimister-Clermont;2.832;2.820;5.652
64000;Arrondissement Borgworm;41.033;42.796;83.829
64008;Berloz;1.670;1.666;3.336
64015;Braives;3.237;3.247;6.484
64021;Crisnée;1.767;1.773;3.540
64023;Donceel;1.584;1.560;3.144
64025;Fexhe-le-Haut-Clocher;1.710;1.719;3.429
64029;Geer;1.765;1.794;3.559
64034;Hannuit;8.256;8.770;17.026
64047;Lijsem;1.656;1.695;3.351
64056;Oerle;1.954;2.071;4.025
64063;Remicourt;2.964;3.098;6.062
64065;Saint-Georges-sur-Meuse;3.525;3.670;7.195
64074;Borgworm;7.326;8.129;15.455
64075;Wasseiges;1.555;1.589;3.144
64076;Faimes;2.064;2.015;4.079
70000;Provincie Limburg;445.322;449.708;895.030
71000;Arrondissement Hasselt;212.345;216.267;428.612
71002;As;4.047;4.167;8.214
71004;Beringen;23.972;23.923;47.895
71011;Diepenbeek;9.677;9.746;19.423
71016;Genk;33.389;34.184;67.573
71017;Gingelom;4.346;4.324;8.670
71020;Halen;4.785;4.772;9.557
71022;Hasselt;39.273;41.078;80.351
71024;Herk-de-Stad;6.345;6.472;12.817
71034;Leopoldsburg;8.222;8.185;16.407
71037;Lummen;7.772;7.594;15.366
71045;Nieuwerkerken (Hasselt);3.510;3.680;7.190
71053;Sint-Truiden;20.409;20.944;41.353
71057;Tessenderlo;9.341;9.497;18.838
71066;Zonhoven;10.715;10.938;21.653
71067;Zutendaal;3.706;3.639;7.345
71069;Ham;5.663;5.674;11.337
71070;Heusden-Zolder;17.173;17.450;34.623
72000;Arrondissement Maaseik;128.939;128.454;257.393
72003;Bocholt;6.897;6.846;13.743
72004;Bree;8.279;8.416;16.695
72018;Kinrooi;6.215;6.115;12.330
72020;Lommel;17.465;17.361;34.826
72021;Maaseik;12.817;12.920;25.737
72030;Peer;8.294;8.240;16.534
72037;Hamont-Achel;7.317;7.141;14.458
72038;Hechtel-Eksel;6.559;6.355;12.914
72039;Houthalen-Helchteren;15.458;15.502;30.960
72041;Dilsen-Stokkem;10.592;10.713;21.305
72042;Oudsbergen;11.981;11.810;23.791
72043;Pelt;17.065;17.035;34.100
73000;Arrondissement Tongeren;104.038;104.987;209.025
73001;Alken;5.888;5.951;11.839
73006;Bilzen;16.117;16.527;32.644
73009;Borgloon;5.702;5.753;11.455
73022;Heers;3.769;3.785;7.554
73028;Herstappe;41;36;77
73032;Hoeselt;4.951;4.970;9.921
73040;Kortessem;4.352;4.374;8.726
73042;Lanaken;13.212;13.058;26.270
73066;Riemst;8.444;8.406;16.850
73083;Tongeren;15.757;16.158;31.915
73098;Wellen;3.733;3.740;7.473
73107;Maasmechelen;19.890;20.024;39.914
73109;Voeren;2.182;2.205;4.387
80000;Provincie Luxemburg;146.295;147.672;293.967
81000;Arrondissement Aarlen;32.350;32.719;65.069
81001;Aarlen;15.557;15.665;31.222
81003;Attert;2.870;2.860;5.730
81004;Aubange;8.734;8.918;17.652
81013;Martelange;997;1.006;2.003
81015;Messancy;4.192;4.270;8.462
82000;Arrondissement Bastenaken;25.265;25.220;50.485
82003;Bastenaken;8.325;8.460;16.785
82005;Bertogne;1.890;1.849;3.739
82009;Fauvillers;1.224;1.211;2.435
82014;Houffalize;2.726;2.566;5.292
82032;Vielsalm;3.955;3.987;7.942
82036;Vaux-sur-Sûre;3.049;3.094;6.143
82037;Gouvy;2.752;2.731;5.483
82038;Sainte-Ode;1.344;1.322;2.666
83000;Arrondissement Marche-en-Famenne;28.740;28.840;57.580
83012;Durbuy;5.733;5.774;11.507
83013;Erezée;1.676;1.658;3.334
83028;Hotton;2.835;2.887;5.722
83031;La Roche-en-Ardenne;2.076;2.085;4.161
83034;Marche-en-Famenne;8.759;9.138;17.897
83040;Nassogne;2.933;2.762;5.695
83044;Rendeux;1.369;1.310;2.679
83049;Tenneville;1.445;1.437;2.882
83055;Manhay;1.914;1.789;3.703
84000;Arrondissement Neufchâteau;32.734;32.921;65.655
84009;Bertrix;4.426;4.568;8.994
84010;Bouillon;2.693;2.707;5.400
84016;Daverdisse;704;711;1.415
84029;Herbeumont;886;842;1.728
84033;Léglise;2.949;2.797;5.746
84035;Libin;2.700;2.681;5.381
84043;Neufchâteau (Neufchâteau);4.080;4.106;8.186
84050;Paliseul;2.746;2.769;5.515
84059;Saint-Hubert;2.838;2.903;5.741
84068;Tellin;1.241;1.282;2.523
84075;Wellin;1.573;1.613;3.186
84077;Libramont-Chevigny;5.898;5.942;11.840
85000;Arrondissement Virton;27.206;27.972;55.178
85007;Chiny;2.636;2.638;5.274
85009;Etalle;3.004;3.059;6.063
85011;Florenville;2.865;2.973;5.838
85024;Meix-devant-Virton;1.382;1.436;2.818
85026;Musson;2.289;2.386;4.675
85034;Saint-Léger (Virton);1.838;1.904;3.742
85039;Tintigny;2.266;2.246;4.512
85045;Virton;5.589;5.827;11.416
85046;Habay;4.288;4.411;8.699
85047;Rouvroy;1.049;1.092;2.141
90000;Provincie Namen;246.376;255.885;502.261
91000;Arrondissement Dinant;55.787;57.203;112.990
91005;Anhée;3.553;3.646;7.199
91013;Beauraing;4.589;4.871;9.460
91015;Bièvre;1.735;1.736;3.471
91030;Ciney;8.231;8.872;17.103
91034;Dinant;6.516;6.780;13.296
91054;Gedinne;2.350;2.336;4.686
91059;Hamois;3.752;3.776;7.528
91064;Havelange;2.608;2.706;5.314
91072;Houyet;2.513;2.603;5.116
91103;Onhaye;1.669;1.608;3.277
91114;Rochefort;6.213;6.402;12.615
91120;Somme-Leuze;3.011;3.008;6.019
91141;Yvoir;4.600;4.633;9.233
91142;Hastière;3.156;3.012;6.168
91143;Vresse-sur-Semois;1.291;1.214;2.505
92000;Arrondissement Namen;157.738;164.785;322.523
92003;Andenne;13.724;14.390;28.114
92006;Assesse;3.651;3.670;7.321
92035;Eghezée;8.209;8.496;16.705
92045;Floreffe;4.005;4.110;8.115
92048;Fosses-la-Ville;5.163;5.290;10.453
92054;Gesves;3.689;3.703;7.392
92087;Mettet;6.616;6.849;13.465
92094;Namen;54.918;58.368;113.286
92097;Ohey;2.607;2.599;5.206
92101;Profondeville;6.049;6.300;12.349
92114;Sombreffe;4.137;4.301;8.438
92137;Sambreville;13.708;14.684;28.392
92138;Fernelmont;4.099;4.122;8.221
92140;Jemeppe-sur-Sambre;9.550;9.707;19.257
92141;La Bruyère;4.529;4.763;9.292
92142;Gembloux;13.084;13.433;26.517
93000;Arrondissement Philippeville;32.851;33.897;66.748
93010;Cerfontaine;2.487;2.508;4.995
93014;Couvin;6.799;7.201;14.000
93018;Doische;1.479;1.516;2.995
93022;Florennes;5.635;5.704;11.339
93056;Philippeville;4.657;4.724;9.381
93088;Walcourt;9.016;9.382;18.398
93090;Viroinval;2.778;2.862;5.640
;;;;
Bron: Statbel (Algemene Directie Statistiek – Statistics Belgium );;;;
Source: Statbel (Direction générale Statistique – Statistics Belgium );;;;
Source: Statbel (Directorate-general Statistics – Statistics Belgium );;;;
